15077790,Judy Quek,SHL,3.66819408748
15073142,Andy Chow,SOI,2.98912801338
15049527,Ah Teck Then,SOI,2.48984116571
15074935,Daisy Goh,SHL,2.87091041138
15062333,Brenda Boo,SOH,2.71561070868
15055639,Wee Teck Goh,SAS,3.02500102299
15074346,Brenda Goh,SAS,3.80719247612
15075877,Timothy Chye,SHL,2.27389683731
15058875,Brenda Yap,SOH,2.89189434167
15061436,Michelle Teo,SHL,2.1082494102
15072009,Sim Sim Man,SEG,2.99332264997
15056959,Lee Long Ang,SEG,3.78405652566
15074699,Judy Chye,SOI,3.32260609447
15059662,Mary Chow,SEG,3.14089233167
15062995,David Tan,SAS,2.0825503253
15045259,Luke Yong,SAS,3.02419039504
15079651,Daisy Loh,SOI,3.62363775612
15061014,Andy Boo,SAS,3.59970786185
15058822,John Quek,SAS,2.54951775304
15045937,Lisa Tan,SOI,3.42256762744
15052772,Ai Ling Yong,SOI,3.29082646622
15041865,Peter Jones,SOI,3.25396376517
15064658,George Chow,SEG,3.42893503409
15075461,David Smith,SEG,2.95575182655
15065070,Eunice Yeo,SOH,3.75654121707
15059541,Jeffrey Tan,SHL,2.36921886089
15074825,Debra Chang,SHL,2.52997868396
15071481,George Yong,SOH,3.06419935608
15068219,Peter Boo,SEG,2.06953562338
15062284,Sim Sim Chye,SOH,3.48202837911
15067303,James Ng,SOI,3.24046493317
15048390,Ah Teck Chang,SHL,2.49435850781
15079362,Ah Teck David,SOH,3.85017524844
15062748,Sim Sim Loh,SAS,3.7109828919
15058858,Debra Tan,SOI,2.27490756952
15054208,Siew Ling Zhou,SEG,2.14952353567
15073050,Michelle Loo,SHL,2.53633210213
15057545,Daisy Tan,SEG,2.92897577913
15054248,Kang Wen Kang,SAS,2.14831636266
15057718,Wee Teck Yong,SOH,3.96793031089
15068179,Debra Man,SAS,3.75725043129
15063970,Ah Teck Loh,SHL,2.82858444287
15052815,Peter Kang,SAS,2.67924626472
15065241,James Lim,SOI,3.53441320898
15061328,Ai Ling Boo,SEG,2.33307160063
15058803,Debra Man,SHL,3.45853187988
15077471,Brenda Chow,SAS,2.41917217618
15056369,Eunice Zhou,SOI,2.63002774452
15078259,David Quek,SOH,2.12661574828
15041966,Debra Chang,SOH,3.3449785576
15066111,Siew Ling Then,SHL,3.71206273993
15077774,Wee Teck Jones,SAS,3.16898375294
15052334,Ai Ling David,SEG,3.81950480971
15068699,John Chang,SEG,2.52473439378
15051895,Timothy Lim,SHL,2.3671511766
15043038,Ai Ling Loo,SHL,2.17879485568
15056874,Siew Ling Seow,SOH,3.01491550451
15048268,Wee Teck Ang,SEG,2.84727015916
15045484,Timothy Chang,SOI,2.18160657697
15057613,Judy Wong,SOH,2.41179952239
15049695,Jeffrey Teo,SOH,3.38361275498
15053733,George Wong,SAS,3.63568058224
15079127,John Chang,SEG,2.89274572933
15063279,Siew Ling Chang,SAS,3.80118006421
15069153,Jeffrey Zhou,SAS,2.22680968661
15057093,Lee Long Wong,SAS,3.84652739558
15066980,Peter Loo,SAS,3.19594445307
15079575,Andy Lim,SHL,2.18586223982
15052644,Siew Ling Then,SOI,2.62929657714
15045866,Charlene Ang,SAS,2.29985606955
15075545,Michelle Jones,SEG,2.65396945429
15071356,Andy Chan,SOI,2.48285167544
15061471,James Goh,SEG,3.78548142208
15059856,Ah Teck Boo,SEG,2.80489987349
15044323,Mary Chang,SOI,3.66826603792
15046071,Belinda Chang,SHL,2.05904097331
15064034,Luke David,SEG,2.28319276639
15067456,Brenda Yeo,SEG,2.53282550713
15059738,Judy Chang,SOH,2.37391425407
15078169,Luke Chye,SHL,3.8203854033
15064099,Michelle Yong,SAS,2.47223449303
15059127,James Zhou,SOI,3.69024698544
15075077,Siew Ling Smith,SAS,3.3147214867
15043245,Brenda Chang,SAS,2.64749430707
15058968,James Yeo,SHL,3.84251023493
15069383,George Loo,SOH,2.29412253131
15069040,Kang Wen Ravi,SEG,2.17127734652
15054499,Andy Chye,SOH,2.88324765955
15046088,Timothy Yeo,SOH,3.60450162359
15074205,George Wong,SHL,3.72832805984
15061864,Charlene David,SOI,2.18271506212
15063096,Daisy Man,SOH,3.03046877688
15057862,Mary Wong,SOI,2.05304580251
15049196,Sim Sim Zhou,SOH,3.14982261459
15057936,Wee Teck Teo,SHL,2.24702472049
15049301,Ah Teck Yeo,SOH,2.95970533257
15043886,Ai Ling Ang,SOI,2.7764548308
15044091,Eunice Chan,SAS,2.19842860274
15078489,Judy Ng,SEG,2.88801803345
15071388,George Man,SHL,3.97636525963
15055013,Sim Sim Zhou,SOH,2.79937539315
15072759,Jeffrey Goh,SAS,2.17837354653
15051301,George Ravi,SAS,2.00141689756
15073393,Kang Wen Yong,SEG,2.42503410315
15062038,Wee Teck Kang,SOI,3.46540011845
15078991,Jeffrey Loh,SEG,3.14959435994
15049254,Lisa Lee,SAS,2.8167703944
15066294,Siew Ling Ng,SOH,3.48065298294
15068281,Belinda Jones,SOH,3.14768887781
15042723,Belinda Chan,SAS,2.08472336079
15069938,Belinda Lim,SAS,2.4645286014
15068828,Charlene Yap,SOH,3.44897866378
15061183,Ai Ling Yeo,SOI,2.43702618014
15066435,Belinda Goh,SOH,3.78789151602
15054223,Belinda Zhou,SOH,3.88429320766
15053105,Ah Teck David,SOH,2.42012029407
15065424,Siew Ling Lim,SEG,3.13362164123
15047562,Eunice Kang,SOH,2.50978644254
15051697,John Ng,SOH,3.12643015296
15074999,Wee Teck Chang,SEG,2.98602821468
15051402,Judy Seow,SAS,3.41895383269
15066525,Daisy Ang,SOH,2.08621147345
15077763,Lisa Man,SEG,2.10989022037
15055599,Ah Teck Loo,SHL,2.12114582802
15041109,Judy Yap,SOI,3.73257136508
15052744,Belinda Ravi,SEG,3.98077186879
15073584,Eunice Loh,SOH,2.15589040448
15057383,Kang Wen Chan,SAS,3.53368125815
15042202,Mary Smith,SAS,2.89723416608
15058842,Eunice Seow,SAS,2.66172455683
15066739,Lee Long Yap,SAS,2.85846810247
15051952,Judy Seow,SHL,3.61848942873
15061967,Timothy Smith,SOI,3.59378006397
15056643,Siew Ling Lee,SEG,2.40786292853
15077064,Lisa Then,SEG,2.65583910415
15073021,Peter Zhou,SAS,2.57341835962
15079461,David Wong,SAS,3.57389794998
15072782,Ah Teck Zhou,SOH,3.60542443624
15059125,Lisa Yong,SHL,3.87834663083
15052025,Ai Ling Seow,SAS,2.52596941984
15053518,Michelle Chan,SAS,2.904293895
15069400,Charlene Lee,SOH,2.57787808143
15054091,Luke Yap,SAS,3.5591889099
15071639,David Chan,SOI,3.07382784956
15044792,Kang Wen Jones,SHL,3.80506448706
15076937,Daisy Boo,SOI,3.93934927314
15052513,James Chan,SAS,2.10321630795
15057869,Siew Ling Yeo,SOI,2.96474788319
15048725,Charlene Jones,SHL,3.1865525784
15073047,John Yeo,SOH,3.12633314739
15067115,Wee Teck Chang,SOI,3.97822249222
15051512,Ai Ling Ravi,SOH,3.72528707859
15046942,Ai Ling Chow,SAS,3.83528367149
15068004,Eunice Ng,SAS,2.27813543138
15052217,Belinda Ravi,SOI,3.34772881155
15074240,Michelle Then,SOH,3.95875653068
15046263,Andy Chye,SAS,3.3413984235
15042139,Kang Wen Yeo,SOI,3.15291279532
15077723,Andy Loh,SHL,3.76482685832
15066523,Sim Sim Zhou,SOI,3.49931084435
15066546,Charlene Zhou,SOI,2.30180980678
15041614,Jeffrey Chan,SHL,3.19968212117
15066384,Sim Sim Jones,SHL,3.53442986759
15056067,George Yap,SOH,2.81222737668
15048793,Debra Seow,SEG,3.1961881062
15048389,Luke Loo,SOH,3.26624577762
15057824,George Loh,SOH,2.66853866712
15042530,Wee Teck Yeo,SOH,3.68408436269
15061730,Eunice Chang,SOI,2.05640735052
15073419,George Zhou,SAS,3.88763404766
15059621,Siew Ling Yeo,SOH,2.14157508543
15066966,Michelle Kang,SEG,3.10461588094
15044755,Andy Loo,SHL,3.67363505955
15079860,Timothy Zhou,SOH,3.89070835831
15054863,Ah Teck Tan,SOI,2.42852959584
15057221,Daisy Chang,SEG,3.00545427427
15042921,Kang Wen David,SOH,2.70114546164
15075664,Ai Ling Yap,SEG,2.22901704733
15041037,Lisa David,SOH,3.79451108615
15056806,Mary Kang,SOI,3.48160077493
15055111,Kang Wen Lee,SEG,3.28214376093
15077811,Ai Ling Ravi,SOH,3.94593635939
15071518,Eunice Seow,SAS,2.27321421251
15078813,Debra Loo,SAS,2.29920305515
15058525,Peter Yong,SEG,3.38128087314
15079430,Charlene Goh,SOI,3.29822428798
15053291,Debra Chye,SEG,2.02166768625
15077632,James Zhou,SHL,3.02883748987
15061578,Jeffrey Smith,SOH,3.61025706039
15078268,Andy Ang,SOI,3.44499239496
15042675,James Ravi,SOH,3.19141216475
15064858,Sim Sim Quek,SOI,2.86636497188
15052255,Wee Teck Smith,SOH,3.70614543175
15041570,George Jones,SHL,2.83693271537
15051591,Wee Teck Lim,SHL,3.36199237666
15053644,Lee Long Goh,SOI,3.97035093461
15052533,Sim Sim Yong,SHL,3.27853060078
15063220,Kang Wen Tan,SOH,3.48534409911
15063795,Brenda Ng,SOH,2.18799101862
15077375,John Ravi,SOI,3.48673380306
15056440,Timothy Ng,SHL,2.42298770259
15059031,Lisa Yong,SAS,2.33528781367
15075034,Belinda Zhou,SAS,3.4225104626
15054000,John Yeo,SOH,2.0951893214
15074322,Andy Teo,SOH,3.46383740764
15046510,Michelle Yong,SHL,3.57702224101
15063890,Jeffrey Kang,SEG,2.59234861176
15054800,Peter Quek,SEG,3.11036679658
15063334,George Ravi,SEG,2.01143854806
15074268,Ai Ling Jones,SAS,3.29972219305
15062872,Belinda Wong,SOI,2.31565428847
15043211,Jeffrey Wong,SAS,3.64896124655
15048625,Judy Yeo,SEG,3.24445160628
15076698,Ah Teck Boo,SHL,2.92564442416
15059244,Debra Loo,SEG,3.96688577659
15049750,Lee Long Then,SOH,3.34399421285
15076108,Debra Tan,SAS,2.69956201657
15041324,Andy Seow,SOH,3.63451909399
15073391,Michelle Lee,SEG,3.53834180045
15068065,John Jones,SEG,2.75680283723
15064360,Lisa Ng,SEG,2.98108584309
15061602,Timothy Jones,SOI,2.93971842484
15076776,Eunice Teo,SAS,2.62412182793
15061938,Charlene Quek,SOH,2.65608618328
15062088,Charlene Jones,SAS,3.44291298126
15045511,James Tan,SOH,3.94888628895
15065521,Wee Teck Kang,SEG,3.0045598286
15042558,Debra Chye,SAS,3.92534146195
15056985,Luke Seow,SEG,2.28514225662
15049407,Belinda Man,SHL,2.54730137703
15072375,Daisy Yeo,SOH,3.28140835631
15065349,David Then,SOH,3.59540644226
15059451,Daisy Chye,SAS,3.16055295026
15059582,Debra Seow,SAS,2.72799175763
15048065,Jeffrey David,SEG,3.38235977425
15067286,Ai Ling Quek,SAS,3.18497877158
15071468,Luke Chow,SEG,3.20776631585
15073009,Lee Long Ng,SOI,2.28256003645
15049776,Ah Teck Kang,SOI,2.74417495958
15058172,Andy Chye,SOH,3.69578413959
15046610,Lisa Tan,SOI,2.14506103906
15049264,Wee Teck Man,SAS,3.27793765017
15065370,Judy Ravi,SAS,3.04020206619
15041306,Eunice Chan,SEG,3.94895583163
15068124,Siew Ling Seow,SAS,3.71067490085
15064402,Eunice Lee,SEG,2.97627813614
15041271,James Lim,SAS,2.98344818222
15044832,Jeffrey Yong,SAS,2.98621467175
15071752,George Lee,SAS,3.36957610121
15051096,Timothy Man,SAS,2.51277662114
15042217,Mary Yap,SHL,3.8894730005
15072773,Brenda Man,SEG,3.12893544235
15047846,Jeffrey Lee,SOH,3.52817619585
15067422,Jeffrey Loh,SEG,3.74552637874
15043446,Ai Ling Zhou,SEG,2.97708470355
15079923,Michelle Yong,SAS,3.96698099727
15043790,Eunice Quek,SOI,3.64739672108
15075734,Mary Chow,SOH,3.45370676815
15065690,Judy Seow,SOH,2.57695188029
15078257,Kang Wen Smith,SOH,2.66321303749
15057668,David Tan,SOH,3.45014438364
15048988,Luke Wong,SOH,2.34002521576
15041837,James Ng,SOH,2.34030829114
15076918,Debra Ravi,SEG,3.22666206239
15072638,Timothy Smith,SHL,2.88522061643
15053604,Debra Quek,SOI,2.0479990372
15071692,Charlene David,SEG,3.93967616194
15058169,Ai Ling Smith,SHL,2.81394421143
15048138,Ah Teck Then,SOI,3.22536585622
15059124,David Seow,SHL,3.85874062765
15071932,Kang Wen Yong,SEG,3.83392020691
15058351,Judy Quek,SAS,2.01202538093
15041676,Charlene Kang,SAS,3.24902440065
15041892,Jeffrey Jones,SOI,2.34570491459
15065521,Luke Chang,SHL,3.32364640778
15079106,John Ang,SOH,2.36630095597
15079905,Judy Ravi,SEG,3.17937331858
15076604,Peter Quek,SOH,2.83322388358
15079676,Luke Goh,SEG,2.39778643972
15064765,Brenda Chye,SHL,2.16742599487
15049306,Debra Man,SHL,3.8205716069
15055238,Judy Quek,SOH,2.7304393081
15065904,Michelle Then,SEG,3.8068983764
15043343,Wee Teck Man,SAS,2.65508192541
15044601,Wee Teck Yeo,SOH,3.16442712222
15077246,Peter Lee,SEG,2.46973284643
15055542,John David,SAS,2.59173308818
15067639,Belinda Yong,SOI,3.75439271146
15049259,Lisa Loo,SOH,3.21430143039
15067894,Judy Tan,SOH,3.95972595372
15043222,Belinda Lim,SEG,3.96991378473
15066780,Jeffrey Lee,SOH,2.83046876621
15064221,Mary Man,SAS,3.9218038657
15065900,Lee Long Lim,SEG,2.95129389541
15079782,Andy David,SOH,3.81081397533
15055093,Andy Man,SAS,2.16282175735
15064544,Andy Quek,SOI,3.56352633176
15059440,James Ng,SOI,3.65115258894
15041283,Jeffrey Lee,SOI,3.84838574291
15069824,Daisy Loo,SEG,2.16067052662
15064509,Wee Teck David,SAS,3.96971416503
15061414,Ah Teck Chang,SOI,2.61147355272
15065313,Judy Ng,SHL,2.51189492273
15049880,Michelle Chow,SHL,2.4258269765
15069703,Jeffrey Loo,SHL,3.10341982415
15056597,John Then,SOI,3.86269547429
15063831,Siew Ling Zhou,SOH,3.77960961324
15047000,Lisa Yap,SHL,2.60523379953
15063356,Timothy Jones,SOH,2.59079393075
15044582,Sim Sim Seow,SAS,2.87490794165
15066982,James Jones,SEG,2.10051150619
15078116,Lisa Yap,SAS,3.17221568655
15064631,Jeffrey Boo,SEG,3.43176718933
15049493,George Lee,SEG,2.76765147308
15045327,Daisy Ng,SAS,3.20952424951
15056785,Sim Sim Yong,SEG,3.09255767888
15068119,Daisy Chan,SOI,2.24794137733
15078552,Eunice Seow,SOH,3.45171719393
15044030,Wee Teck Goh,SAS,3.96644922133
15073168,Luke David,SAS,3.23241367619
15059417,Debra Loh,SHL,3.56591960951
15075798,Brenda Lee,SHL,3.43774875855
15064233,James Jones,SOH,3.7854760237
15052340,George Smith,SEG,2.19484235209
15069775,Lee Long Teo,SEG,3.22257439986
15047617,Charlene Jones,SOI,3.5970648265
15047222,Ai Ling Goh,SEG,2.51479880777
15078257,Sim Sim Tan,SOI,2.15212258592
15065324,Kang Wen Smith,SHL,3.85020951233
15041751,Judy Chow,SEG,3.7894300993
15053727,David Teo,SOI,3.75608566102
15054030,Eunice Chan,SOH,2.64560949088
15057317,Brenda Lim,SEG,2.88145903473
15065583,Judy Yeo,SHL,2.32628442363
15049187,Wee Teck Ng,SOH,3.69264805958
15078055,John Yap,SHL,2.72439384332
15056108,Mary Chow,SHL,2.14180337949
15079796,Lisa Ng,SOH,3.97279421114
15063671,Wee Teck Chow,SOH,2.4056484112
15059643,Timothy Chow,SOH,2.46930873243
15062601,Ai Ling Goh,SHL,2.31902708902
15041216,Judy Ravi,SOH,2.91608636817
15045094,Belinda Zhou,SAS,2.95212097608
15049873,Kang Wen Yap,SEG,3.75534956893
15073992,Jeffrey Chan,SAS,2.6792043223
15061805,Belinda Tan,SEG,2.23656922817
15072464,Mary Loh,SOI,2.51216092107
15069981,Michelle Yap,SOH,2.13010630901
15069212,Andy Chye,SHL,3.89829215862
15055080,Sim Sim Yap,SOH,3.65342336948
15074870,Belinda Kang,SEG,3.95518711484
15075462,Lee Long Loh,SEG,2.22904234293
15041185,Sim Sim Chang,SEG,3.32224637033
15042912,David Chan,SOI,2.40640162311
15075326,George Man,SAS,3.75703153874
15061689,Brenda Boo,SOH,3.67879443595
15053737,Sim Sim Wong,SOI,3.06329108069
15043523,Sim Sim Seow,SOH,2.97245672861
15043329,Ai Ling Yeo,SOH,3.28586492807
15055050,Mary Chang,SOI,3.72987091398
15052266,John Quek,SAS,3.62533715935
15059515,Luke Wong,SEG,2.50599948877
15061154,Wee Teck Yong,SHL,3.29049811151
15071863,Lee Long Goh,SAS,3.5564931465
15048089,David Ang,SEG,3.20843099554
15056291,Andy Yeo,SHL,2.30262539417
15075104,Brenda Lee,SOH,3.82034944021
15065337,Belinda Yeo,SHL,2.81603557674
15076186,Ai Ling Loo,SOH,2.17737086692
15042018,Michelle Seow,SAS,2.32925055297
15068513,James Boo,SOI,3.90747653446
15051014,Ai Ling Seow,SAS,3.50231954109
15045854,Belinda Loh,SEG,3.78812284689
15059599,Belinda Chang,SEG,2.48650165902
15069650,Debra Chow,SOH,2.62820853709
15059662,Belinda Then,SOI,3.26003784047
15041840,David Ng,SEG,3.46355319551
15055939,Michelle Then,SOH,2.39909399475
15052243,Lee Long Jones,SAS,3.78563685905
15062139,Ah Teck Smith,SOH,3.140514978
15052483,Brenda Yeo,SOH,3.03289387059
15067899,Kang Wen Yong,SOI,3.83060181586
15047745,Debra Kang,SOH,3.2753097299
15078946,Brenda Ng,SEG,2.42907452618
15075421,Luke Tan,SHL,2.05433686625
15053921,Wee Teck Man,SHL,2.09288143998
15049020,Eunice Man,SOI,3.50493072396
15071619,James Yong,SEG,3.60934110946
15051296,Lee Long Wong,SEG,3.87016976661
15057066,Lisa Lee,SOH,2.87029670627
15041124,Lisa Chang,SOI,2.70069384939
15076364,Luke Man,SOI,2.30351063662
15048621,David Quek,SEG,3.05584882633
15049502,Charlene Yong,SHL,3.53472045592
15065882,Ah Teck David,SOI,3.71051539639
15064288,Luke Man,SOH,2.59106146352
15059753,Ai Ling Yeo,SOI,2.87103965467
15059014,Wee Teck Man,SEG,2.34373712971
15073816,Kang Wen Chang,SEG,2.2436944138
15079222,Siew Ling Yeo,SOI,2.7931798817
15061176,Peter Lim,SOI,3.68445930874
15045541,James Seow,SOI,3.9299899957
15045505,Siew Ling Then,SAS,3.68921534179
15068687,Judy Boo,SOH,3.83753891874
15042892,James Goh,SAS,3.93759958505
15046924,Luke Loo,SEG,2.50317327048
15074306,Lisa Wong,SHL,3.74804399049
15058493,Timothy Lee,SEG,3.66127448445
15051930,Judy Yong,SOH,2.073801775
15075256,Andy Kang,SHL,2.24398329622
15056590,Ai Ling Smith,SOH,2.77605371869
15064624,Lee Long Teo,SHL,3.14047860266
15047696,Lee Long Yong,SOH,3.14106725273
15049741,Wee Teck Loo,SOH,3.5581540545
15072335,Sim Sim Chye,SHL,3.73542121739
15062107,Judy Jones,SOI,2.63521386272
15062534,Ai Ling Chan,SHL,2.53239009449
15057354,Brenda Ang,SEG,3.893541114
15066704,Belinda Tan,SOH,3.57898353565
15072412,Debra Seow,SHL,3.720285711
15056956,Lisa Lim,SOI,3.44425524395
15076762,Luke David,SEG,2.45627674749
15049438,Sim Sim Wong,SOH,2.03115786824
15052316,Luke Loo,SAS,2.47902388366
15054903,David Ng,SOI,2.31111746716
15045215,Brenda Teo,SHL,3.07632081028
15079454,Eunice Kang,SAS,3.53871155531
15047602,Andy Boo,SAS,2.37507178363
15072154,Peter Man,SOI,3.33138796312
15078692,Debra Ang,SAS,2.73353573371
15055565,John Loh,SEG,2.24269733364
15067215,George Ang,SOH,2.30404238682
15044530,Ah Teck Boo,SHL,2.65931129264
15043800,Ah Teck Chang,SEG,3.45539063746
15061931,James Yeo,SOH,3.86972724708
15079192,Judy Yong,SAS,2.00759228504
15059876,Belinda Loo,SEG,3.75397952972
15078922,Charlene Jones,SOH,2.92443943771
15077418,Peter Chan,SOI,2.35584433184
15078375,Lee Long Lee,SHL,2.55289017149
15057168,Jeffrey Chan,SOI,2.26581422727
15048489,Peter Tan,SOH,3.78966672004
15078850,Daisy Lim,SAS,2.47229421346
15063158,Daisy Then,SOI,3.39674187334
15054337,Lisa Jones,SEG,3.83074189991
15077421,Lee Long Seow,SHL,2.83651610727
15077627,Kang Wen Lim,SAS,2.29147346274
15043184,Daisy Boo,SOI,3.74829598581
15051602,Timothy Jones,SEG,3.18487728343
15045972,Belinda Chye,SHL,3.68694661405
15062869,John Chang,SEG,3.20776780629
15041110,Brenda Chow,SHL,2.10243668955
15042911,Daisy Smith,SAS,2.81133818766
15041117,Peter Goh,SOI,3.09233046412
15055045,George Chye,SAS,3.80765656152
15047398,Lisa Wong,SOH,2.71131057313
15066455,Daisy Then,SAS,3.00199295275
15054256,Kang Wen Yeo,SAS,2.78890596336
15069371,James Ang,SEG,3.23206106199
15058039,Wee Teck Yeo,SHL,2.09743645481
15062031,Michelle Boo,SOI,3.33029094253
15071049,Siew Ling Seow,SOH,3.0282248565
15069183,Jeffrey Jones,SHL,3.26777658742
15068943,Charlene Loh,SAS,3.56199621179
15051386,Lisa Zhou,SOH,2.84109835916
15072989,Luke Chow,SOI,3.92705008603
15066005,Lisa Smith,SEG,2.1428402631
15044005,Debra Teo,SAS,3.24458320081
15079174,Mary Chye,SAS,2.68071379319
15043242,Luke Man,SOH,2.34142397407
15066860,Lee Long Teo,SOI,3.43548011949
15047955,Michelle Goh,SAS,3.77589364625
15047040,Ah Teck Quek,SAS,3.62378654312
15062073,Lee Long Then,SEG,3.08752087605
15072810,Siew Ling Ng,SOI,3.20865549835
15041509,Timothy Seow,SOH,2.23683140942
15044795,Peter Lim,SEG,2.68394197655
15047330,Judy Kang,SOH,2.93598875969
15063898,Lee Long Loh,SAS,3.35790091074
15054829,John Smith,SAS,3.95991705554
15074139,Peter Lim,SOH,2.67320704846
15042836,Wee Teck Chang,SEG,2.82469843973
15067739,Sim Sim Then,SOH,2.60329107397
15049711,Ai Ling Lee,SOH,3.36602797295
15048264,Luke Yap,SOH,2.12923786746
15049130,Judy Man,SOH,3.14042339169
15066118,Andy Wong,SHL,3.81517791063
15062944,David Wong,SEG,2.19582116083
15061176,Mary Teo,SOH,3.45811574475
15054980,Sim Sim Man,SOH,2.62965378113
15053149,Mary David,SOH,3.95005667257
15047581,Wee Teck Kang,SOH,2.77816974282
15066678,Ah Teck Teo,SOI,3.68403508932
15069641,Andy Zhou,SAS,3.45487434437
15077178,Kang Wen Chang,SEG,3.47465206847
15048396,Debra Ravi,SAS,3.17246735071
15065349,Siew Ling Yong,SAS,3.49433998089
15043234,Daisy David,SHL,3.20078220978
15067734,Ai Ling David,SOH,2.06867103129
15064958,Brenda Tan,SAS,3.21193514723
15072869,Charlene Ravi,SHL,2.75625456002
15059499,Timothy Loh,SHL,3.59726059357
15063835,Lee Long Lee,SHL,2.67140866486
15047766,James Kang,SHL,2.42033457878
15076799,John Tan,SOH,2.17921670532
15062987,Debra Yap,SAS,3.30348153447
15075184,Lee Long Yong,SOH,2.70670080945
15043289,Sim Sim Chan,SAS,2.65515545221
15049567,Siew Ling Yong,SOH,2.75535943078
15053608,Judy David,SEG,2.51652693972
15072735,Debra Kang,SHL,3.17309661153
15057372,Debra Teo,SAS,3.49743534796
15054973,Ai Ling Loo,SAS,3.71416864383
15058766,Brenda Ang,SOI,3.97238005299
15071359,Lee Long Then,SOI,2.7542622768
15064880,Andy Chan,SAS,3.91923257207
15046518,Ai Ling Ravi,SOI,2.83428207674
15059750,John Yong,SEG,2.41693758126
15064025,Kang Wen Boo,SOI,3.72190059184
15068514,Ah Teck David,SOI,3.55329472613
15062675,Wee Teck Lim,SAS,3.47072266896
15058166,Luke Ng,SOH,2.47826729344
15078831,Brenda Man,SOI,2.12211916277
15061656,Peter Quek,SOH,2.58090574862
15079967,John Yong,SAS,3.69066332966
15063884,Sim Sim Lim,SAS,3.26251137079
15043857,Judy Smith,SOI,2.17518500548
15064083,Jeffrey Chang,SOH,3.40506449982
15052254,Michelle Chang,SHL,3.05240756465
15077938,Siew Ling Lee,SEG,2.68504026182
15059044,Sim Sim Ang,SEG,3.94182708067
15058975,Ai Ling David,SOI,3.03909893586
15068524,Siew Ling Yong,SHL,2.92672873552
15075374,Lee Long Loh,SHL,3.76090019526
15058349,Siew Ling Ng,SHL,3.95342107558
15047794,Judy Boo,SEG,2.30154804349
15042727,Charlene Man,SOI,2.20440909474
15051732,Sim Sim Chang,SAS,2.66274116729
15054598,Michelle Ang,SOI,3.6257489224
15059122,Siew Ling Quek,SOH,3.90189818036
15058333,Michelle Yeo,SHL,2.08912904714
15061134,George Loh,SHL,2.24979577132
15075526,John Wong,SOH,2.08077230046
15064796,Siew Ling Yap,SHL,2.60822397267
15046607,Brenda Ang,SAS,3.17713038384
15064134,Judy Chye,SAS,3.98022982614
15075042,Daisy Yap,SEG,3.82153743009
15069588,Eunice Lee,SOH,3.01994719513
15044392,Luke Chow,SAS,3.68373472846
15065118,Siew Ling Lee,SOI,2.74448309945
15042749,Ai Ling Boo,SOH,2.34031038743
15072300,Debra Lee,SAS,3.52523767531
15042094,Debra Boo,SOI,3.76465039375
15051444,Lisa Yeo,SAS,3.69052839244
15076048,Brenda Teo,SHL,3.19000216931
15071990,Eunice Chan,SHL,3.3792656246
15046223,Ah Teck Ravi,SEG,2.47124055457
15055216,Daisy Loh,SEG,2.14892390625
15047346,Judy Lim,SOH,3.50182785478
15076936,Lee Long Chow,SOI,3.16903388004
15078390,Brenda Goh,SOI,3.97879018841
15065830,Eunice Quek,SOH,2.01948641855
15072142,Charlene David,SOH,2.29023131989
15044313,Timothy Zhou,SOH,3.74051873866
15045433,Wee Teck Kang,SOI,3.52989132513
15063112,Peter Chan,SEG,2.61232841391
15049356,Kang Wen Then,SAS,3.61493240699
15056856,Luke Chang,SOI,3.40012149682
15071278,Belinda Ng,SOH,2.16705721601
15045386,Kang Wen Man,SOI,3.76469006704
15053452,Daisy Tan,SOH,3.99372263644
15079642,Debra Lim,SOI,3.44152947197
15062163,Ai Ling Ang,SOH,3.23589966237
15043887,Mary Ravi,SEG,3.35998368683
15049690,Jeffrey Teo,SOI,2.82296418082
15077813,Peter David,SHL,2.53477126702
15075424,Jeffrey Yong,SOI,3.70842118562
15046669,Peter Chow,SAS,2.93119647488
15067814,Judy Ang,SOI,3.86761934296
15071349,George Ang,SEG,3.82250805342
15045732,Brenda Yeo,SEG,2.29308627413
15056050,Daisy Chye,SOI,2.51417553661
15078980,Charlene Lee,SOI,3.23609055571
15041763,Luke Jones,SOH,2.89513696896
15061925,Ah Teck Kang,SOI,3.74284809574
15048853,Debra Chow,SHL,2.78218384572
15077858,Eunice Tan,SEG,3.79405241049
15049739,Lee Long Ang,SEG,2.42726071419
15059646,Ai Ling Ang,SAS,2.10740303995
15079398,Mary Loo,SEG,2.77904273829
15044328,Andy Lee,SEG,2.40111823784
15069843,Lee Long Lee,SOH,3.7566096107
15046877,Wee Teck Kang,SOH,2.44483388043
15053326,Lisa Yeo,SOI,2.28162910682
15056305,Andy Seow,SHL,3.56037874792
15062386,Timothy Loh,SOI,2.5438041156
15052580,Timothy Lee,SHL,3.22822954614
15061041,Ah Teck Boo,SOH,2.94168836971
15055812,Wee Teck Wong,SOH,2.55312186959
15051894,Ah Teck Chye,SAS,2.91605291504
15063626,Judy Ng,SOI,3.77125355665
15047425,Wee Teck David,SOH,3.68863949591
15048213,Daisy Goh,SEG,2.24285461316
15047706,David Quek,SEG,3.22480519635
15044533,George Loh,SOH,3.94920282906
15047275,John Zhou,SEG,3.78056291445
15049116,Wee Teck Wong,SOI,3.43746886877
15055799,Luke David,SEG,2.18390451797
15041310,Michelle David,SHL,2.00048148149
15079847,Ai Ling Tan,SAS,2.42003725123
15046839,James Boo,SAS,3.22939471095
15074882,Peter Teo,SOH,2.18628193156
15079707,Peter Seow,SOH,2.50292273629
15053253,Mary Ng,SAS,3.38876655295
15049239,Ah Teck Jones,SHL,3.0439411648
15072559,Jeffrey Ravi,SOH,2.75756994543
15058016,Debra Yeo,SOI,3.9259123024
15049726,Luke Yap,SOI,2.0093898233
15073786,David Quek,SOH,2.88061442779
15045444,Sim Sim Kang,SEG,2.27621104964
15047903,Michelle Chye,SOI,3.58411551239
15071317,Luke Chye,SAS,2.13377554003
15047407,Debra David,SAS,3.94961615285
15076083,Belinda Loh,SOH,3.49411659428
15066170,James Seow,SEG,2.55194012712
15054810,Wee Teck Seow,SAS,3.79202954538
15073197,Timothy Loh,SOI,2.23784272403
15057092,Luke Chan,SAS,3.67128458462
15054528,Mary Ang,SHL,2.64085400484
15063524,Ai Ling Quek,SAS,3.69004489511
15043845,Michelle Lim,SHL,2.46202035339
15049288,Debra Smith,SAS,3.03493038111
15066169,David Teo,SOI,3.35753894761
15075558,Ai Ling Kang,SAS,2.87915548925
15063060,Debra Teo,SAS,3.46448516086
15077926,David David,SOH,3.97514812377
15041015,John Zhou,SOH,2.17072171359
15075432,Mary Goh,SAS,2.45396720185
15065456,Daisy Ang,SEG,3.49238865368
15064702,Debra Then,SAS,2.16620012978
15043360,Judy David,SEG,2.73771472141
15041958,David Loo,SOH,3.36165128196
15073973,George Ravi,SHL,3.47906573919
15045384,Kang Wen Ang,SOI,2.02881006088
15078099,James Tan,SAS,3.10303842219
15069596,Andy Chan,SOI,2.07007033004
15073182,Debra Kang,SHL,3.67060438779
15048193,Mary Chan,SAS,3.84877646714
15042928,Ai Ling Kang,SHL,2.66411661407
15077851,Michelle Teo,SEG,2.70844948619
15076428,Lee Long Quek,SOH,2.88126184844
15062525,Ai Ling Zhou,SOH,2.90857306342
15053378,David Chang,SEG,2.5832736423
15076228,Wee Teck Loh,SEG,3.99104730155
15079534,Michelle Chye,SAS,3.74403843554
15057560,Andy Wong,SAS,3.9484134737
15068740,Ah Teck Chan,SAS,3.35873423629
15078039,Charlene Seow,SHL,3.43350826751
15056689,Timothy Lee,SHL,2.02558668404
15041168,Sim Sim Boo,SAS,2.59250372979
15052202,Sim Sim Loh,SHL,2.34004068828
15062094,Peter Tan,SOH,2.39987198877
15068974,Michelle Man,SAS,3.31762829169
15061162,Timothy Boo,SOI,2.3334638207
15079025,Sim Sim Chang,SEG,3.85444988497
15046068,John Then,SOH,3.14810908377
15067107,Debra Ang,SOI,3.44523193973
15072543,Ai Ling David,SHL,3.0929533504
15059370,Charlene Loh,SOI,3.44118464498
15058829,Charlene Wong,SOI,3.37487076771
15049549,Jeffrey Zhou,SEG,3.70981468767
15054169,George Jones,SAS,3.91780474516
15058718,Daisy Smith,SOI,2.87279202654
15054943,Peter Chye,SOI,2.55417550326
15064383,Ai Ling Chang,SEG,2.00074777905
15067975,Kang Wen Smith,SHL,3.59438053249
15072781,Belinda Smith,SOI,2.33496937436
15054926,Brenda Yong,SOI,2.55489891189
15061794,Sim Sim Ng,SHL,3.36132177691
15042395,Luke Goh,SHL,2.88804054882
15073445,Ai Ling Ang,SEG,3.00230449998
15071383,Lisa Boo,SOI,2.81848564643
15048699,Sim Sim Kang,SEG,2.90822750163
15069225,Judy Chye,SOI,3.16566712452
15066886,Debra Smith,SOI,3.16435269312
15055227,James Ang,SHL,3.60614540201
15041791,Ai Ling Goh,SEG,2.32145525839
15049719,Sim Sim David,SEG,3.87457723912
15067695,Kang Wen Ng,SOI,3.1547988249
15079904,Peter Quek,SOI,2.69922674726
15073731,Timothy Chow,SOI,3.59151574113
15048794,Jeffrey Ravi,SOI,2.56807024318
15075972,Belinda Loh,SEG,3.45163870323
15041760,Andy Ravi,SHL,3.75962477418
15051936,Charlene David,SEG,2.08641873702
15054508,Timothy Ng,SOH,3.52559017901
15057120,David Smith,SHL,2.82297697437
15045965,Kang Wen Goh,SAS,3.04696909765
15054447,Timothy Yap,SHL,2.61008907359
15069056,Jeffrey Boo,SHL,2.82566436922
15067250,Andy Yap,SEG,2.64284274702
15063862,Ai Ling Quek,SHL,3.89331730906
15051587,Lisa Kang,SEG,2.53768914505
15079433,Peter Quek,SHL,2.09577908115
15046706,Timothy Loo,SOH,2.50984112952
15064857,Lisa David,SAS,2.27762638736
15074491,Andy Yeo,SOI,3.78774233786
15061301,Belinda Teo,SOH,3.79156204812
15071080,John Chow,SHL,2.62613663486
15058796,Timothy Boo,SOI,3.69917994417
15052040,Eunice Smith,SOH,3.34065128421
15075700,Debra Chan,SEG,3.091838625
15074566,Luke David,SOI,3.40259064271
15042160,Timothy Ng,SOH,2.47807663938
15077572,Judy Kang,SOH,3.84704509103
15075208,Lee Long Teo,SHL,2.37319483218
15067294,Siew Ling Chye,SOI,3.34150929273
15054669,Debra Man,SHL,2.96838312133
15063033,Ai Ling Boo,SEG,2.52646397139
15071830,Ah Teck Chye,SHL,2.14734541867
15059824,Belinda Ravi,SAS,2.40904096154
15066298,Sim Sim Ng,SEG,2.39896494497
15074585,Lisa Teo,SHL,2.73408120758
15073652,Lee Long Quek,SOI,2.80513846399
15077339,Andy Tan,SOH,2.80596818377
15067495,Mary Yeo,SOI,3.58300144624
15073756,George Ang,SOI,2.97841520652
15077746,Debra Wong,SEG,3.88907581708
15047264,Michelle Chow,SOH,3.52434718912
15068374,James Zhou,SAS,3.38576386552
15041674,James Chang,SOI,2.18166867432
15049819,Siew Ling Chye,SOI,2.92126559022
15052782,Peter Zhou,SOH,2.6184503675
15049946,Belinda Jones,SHL,3.09420216656
15058488,George Smith,SAS,3.12732530345
15055296,Andy Ravi,SOH,2.88868483655
15065297,James David,SOH,3.41775631168
15063161,Siew Ling Teo,SOH,3.35311411281
15045178,Andy Loo,SOH,3.91857400836
15058224,Peter Yong,SAS,3.90935522309
15069593,George Jones,SEG,3.67385336854
15061934,John Ang,SOH,3.15543879687
15054423,Charlene Boo,SOI,3.39417091133
15074076,George Loo,SOH,3.59764797839
15047957,Belinda Jones,SEG,2.68935428447
15058028,Timothy Chang,SOI,2.22770858197
15058957,Eunice Man,SOH,3.79881219811
15067325,Luke Goh,SHL,2.04261360302
15066814,David Yeo,SOH,2.76145885686
15078939,Andy Chow,SHL,2.08588105705
15058487,Wee Teck Lee,SEG,2.20402102131
15067426,Mary Man,SHL,3.20266870312
15079021,Kang Wen David,SOH,2.33803468868
15075135,George Seow,SAS,3.70674660229
15069457,Wee Teck Yeo,SAS,2.3891051681
15075462,Judy Yap,SOI,2.16239347079
15075862,Jeffrey Man,SOI,3.16308329054
15074833,Sim Sim Chan,SOI,2.69781757419
15072161,Kang Wen Ng,SHL,3.80882779794
15063325,James Then,SHL,3.24315325625
15046099,David Seow,SHL,3.49863790478
15052067,Mary Smith,SHL,3.31825110495
15072243,John Chan,SOH,3.69050550131
15042526,Peter Chye,SOI,3.63936999602
15063415,Judy Teo,SOH,3.09629679318
15043349,Mary Chow,SHL,2.01486414594
15043899,Belinda Then,SAS,3.03867325775
15052458,Debra Kang,SAS,2.42275431793
15057906,Ah Teck Goh,SHL,2.16085626886
15046337,Judy Chow,SOI,2.88259248146
15065763,Timothy David,SOH,2.67396199581
15056536,Eunice Wong,SOI,3.12526617932
15065862,Sim Sim Goh,SEG,3.94662462735
15045816,Wee Teck Lee,SAS,3.66300127608
15072963,Ai Ling Loh,SEG,2.81348617152
15064425,James Ang,SEG,3.01661165369
15052196,Debra Wong,SAS,3.72714687521
15073139,Debra Yong,SOI,3.46615592861
15076480,Luke Ng,SOI,3.36231192993
15061605,Lee Long Goh,SOI,2.72686587755
15051475,Jeffrey Tan,SHL,2.40094644141
15069271,Kang Wen Lim,SOI,3.42701293536
15061758,Michelle Seow,SEG,3.23331863282
15059907,Timothy David,SAS,3.73960101621
15068192,Daisy Wong,SHL,2.82817635963
15064960,Sim Sim Jones,SEG,3.91835713933
15072804,George Loh,SEG,3.83569455404
15058584,Timothy Goh,SEG,3.60877221319
15044423,Michelle Quek,SOH,2.66786880893
15063131,Eunice Smith,SHL,2.37842593288
15055320,Michelle Quek,SHL,2.20081674155
15066057,Kang Wen Tan,SHL,2.67560892041
15063182,Ai Ling Then,SOI,3.54503613678
15041937,John Smith,SOI,2.20323895701
15079672,Peter Yap,SEG,2.74334914042
15066492,Lisa Yap,SOH,3.38268417394
15047015,Sim Sim Yeo,SOH,2.40937507992
15056696,Peter Goh,SAS,2.04129548517
15043190,Debra Ravi,SAS,3.8466541124
15056090,Timothy Tan,SHL,2.98144792384
15052449,Peter Teo,SEG,2.35593192823
15052183,Lee Long Yong,SAS,3.15438103277
15066195,Ah Teck Ang,SEG,2.40414063115
15051359,Timothy Loo,SEG,3.84481763945
15064971,Jeffrey Tan,SEG,3.00107955881
15045373,George Tan,SHL,3.89665267483
15075719,Michelle Ng,SHL,3.61860841429
15077382,Lee Long Kang,SAS,2.7511866466
15055519,Timothy Ravi,SHL,3.97171468954
15077406,Michelle Goh,SOI,3.7878074756
15067978,Lisa Goh,SEG,2.995719454
15075338,George Boo,SAS,3.44554316019
15073713,Debra Wong,SEG,3.08441633616
15073150,Debra Lim,SAS,2.85949124495
15044207,Ah Teck Loh,SOH,2.75281388423
15069862,Sim Sim Yeo,SHL,2.48717874853
15056345,Peter Quek,SAS,3.93012253698
15076449,Jeffrey Chye,SOH,3.6704821133
15072375,Timothy Yeo,SHL,3.09908416791
15072361,Mary Man,SOH,3.40899521788
15072026,Belinda Teo,SOI,3.56576290999
15078133,Peter Lim,SHL,2.20014803312
15061130,Ah Teck Loo,SAS,3.4908930299
15067813,Daisy Quek,SOI,3.61338570653
15044261,Lisa Wong,SEG,3.57449180979
15058839,Jeffrey Ang,SAS,2.65097166068
15066066,George Chye,SEG,2.608079659
15069665,Belinda Yong,SOH,3.6483924389
15074838,John Seow,SHL,2.82886907782
15076928,John Goh,SOH,3.69027660311
15071959,Belinda Tan,SOI,3.78204996935
15055596,Debra Loh,SAS,3.61333542282
15062145,Mary Boo,SEG,2.46016655913
15052819,Mary Wong,SHL,2.46574300926
15075157,Michelle David,SEG,2.7934188546
15042275,Andy Kang,SOI,3.67207703063
15075306,Eunice Man,SAS,2.18413184957
15045318,Lisa Chye,SHL,2.33070229636
15063890,Eunice Yong,SOI,3.06367458683
15069680,Daisy Lee,SOH,2.79987778207
15054575,Belinda Smith,SOI,3.00371035084
15052450,Eunice Chan,SOH,2.54497475391
15068928,George Man,SHL,3.55644926549
15066100,Luke Loh,SHL,2.83351328837
15043401,Andy Seow,SOI,2.23295902875
15079646,George Goh,SHL,3.84250858438
15076018,Ah Teck Jones,SOI,3.43945726779
15046753,Luke Chow,SOI,3.52294546556
15051813,John Chye,SOH,3.39805680888
15065562,Brenda Lee,SEG,3.77572478066
15074116,Belinda Wong,SOH,3.30156653894
15051669,Eunice David,SHL,2.04663688477
15068399,George Teo,SOI,2.08757183511
15046139,Peter Seow,SOI,2.76299778564
15059170,Eunice Goh,SOH,3.45181619919
15052387,David Chan,SOI,3.02510692404
15048648,Debra Then,SOH,2.8790381096
15069902,Ai Ling Lim,SEG,2.86072175692
15065466,David Goh,SOH,2.86913710054
15072682,David Then,SOH,3.66728571826
15069020,Wee Teck Chang,SOH,2.94015555267
15044269,Mary Loh,SOI,3.18583156466
15067260,Ah Teck Quek,SHL,3.31213709505
15047604,Luke Smith,SAS,2.16666439901
15047990,Debra Lee,SOI,3.66209977914
15068999,John Chang,SEG,2.12126597084
15044981,Ah Teck Seow,SOH,3.08175453513
15072221,Wee Teck Yap,SOI,2.92811994677
15044707,Lee Long Teo,SEG,3.66789378316
15075868,George Loh,SAS,3.80908040356
15041000,Kang Wen Loo,SHL,2.22941333089
15052732,Sim Sim Then,SHL,3.41107277558
15041369,Luke Smith,SHL,2.39919108849
15071609,Brenda Loh,SOH,2.37244069197
15051969,Belinda Wong,SOH,3.68647627256
15069259,Daisy Loo,SOH,2.75623529523
15071770,Timothy Tan,SOH,3.69415188864
15075842,Eunice Chan,SEG,2.833504905
15043849,Daisy Teo,SAS,2.8788043181
15062244,John Seow,SEG,2.88772542711
15048941,Eunice Smith,SHL,3.63743334661
15077571,Belinda Ng,SHL,2.26906540645
15074666,George Seow,SEG,2.19742381481
15063530,Ah Teck Tan,SOH,2.34726327313
15048283,Wee Teck Lim,SEG,3.56423933973
15066485,Andy Quek,SHL,2.74798548596
15078221,Timothy Smith,SAS,3.90034093171
15069386,Eunice Then,SOI,2.30443694413
15056280,Michelle David,SAS,3.95721239355
15052331,Ai Ling Goh,SAS,2.52710280621
15058681,Ah Teck Chye,SAS,3.46385380238
15067149,Peter Boo,SAS,2.17838968765
15046823,Timothy Kang,SAS,2.53199820538
15058983,Peter Jones,SHL,2.59965077434
15069968,Lisa Wong,SAS,2.65683136278
15076424,David Teo,SOI,2.55778784907
15074756,Sim Sim Wong,SHL,3.77896659756
15051712,Michelle Boo,SEG,2.67854328578
15068708,Andy Tan,SEG,3.6453756852
15044239,David Kang,SAS,3.7182123283
15045640,Brenda Ravi,SOH,3.46653591911
15065755,Jeffrey Lee,SHL,3.3548726082
15077744,Siew Ling Lim,SOI,3.57391216751
15043655,Judy Teo,SHL,2.24592878402
15052056,Eunice Yap,SOH,2.5006053459
15071429,George Lim,SOH,3.41376454161
15072660,George David,SEG,3.85623353831
15045225,Lee Long Yeo,SEG,3.22602739535
15051089,Luke Smith,SHL,3.32314043904
15057343,Timothy Tan,SAS,3.4896514587
15049479,David Jones,SHL,3.47372090392
15063706,Eunice Goh,SHL,2.91806339195
15078937,Siew Ling Lim,SAS,2.7196891757
15048190,Peter Ng,SAS,2.15865369296
15054240,George Goh,SHL,2.57851312523
15054429,Judy Teo,SAS,3.0745523796
15064927,Lee Long Yeo,SEG,2.03881485169
15041124,Michelle Tan,SHL,3.48928538741
15074154,Ai Ling Teo,SOH,3.13404816949
15061217,Siew Ling Man,SAS,2.12600817634
15072722,Eunice Zhou,SOI,2.64830985155
15076034,Ai Ling Loo,SAS,2.31439031935
15051757,Eunice Ravi,SOI,3.51311074023
15051230,Eunice Chan,SAS,3.91376408821
15079969,Luke Man,SAS,2.28412684618
15041557,George Quek,SHL,3.39518399893
15047702,George Yap,SAS,2.82934704677
15043639,Debra Zhou,SOI,2.23399538475
15045273,Ah Teck Yeo,SHL,3.38229738973
15057202,Michelle Chan,SHL,2.07440135639
15048763,Ai Ling Loo,SOH,3.59790032425
15072210,Charlene Chye,SAS,2.30541926383
15055997,Eunice Ang,SOH,2.26466520295
15072165,Debra Chan,SAS,2.18607496935
15048607,Charlene Goh,SEG,2.42995322734
15069234,Lee Long Smith,SAS,2.69725532181
15057826,Wee Teck Loh,SOI,2.30929150263
15047607,John Ang,SHL,2.64603081725
15078464,Debra Man,SAS,3.17378376999
15064548,Jeffrey Lim,SHL,3.26323354706
15067632,Timothy Yeo,SOI,2.87928966257
15064421,Lee Long David,SOH,3.42981805733
15077796,Brenda Chow,SEG,3.71166426084
15078053,Jeffrey Chow,SOH,3.89442338744
15041952,Ai Ling Yeo,SEG,2.19809120157
15074672,Charlene Lee,SAS,2.48430883878
15048086,Mary Boo,SEG,2.26562993426
15061719,Ai Ling Yong,SHL,3.67500017953
15071397,Kang Wen Teo,SAS,3.81978838271
15049873,Eunice Yong,SHL,2.3025364559
15053404,Judy Smith,SHL,2.39926779478
15048093,Wee Teck Ng,SAS,2.18039594237
15042206,James Chye,SHL,3.0220015037
15071573,Luke Kang,SAS,3.85378723308
15063753,Brenda Jones,SHL,3.97643452838
15057626,Debra Yeo,SOI,2.44579333444
15048987,Jeffrey Lim,SHL,3.78090476668
15043619,Debra Smith,SHL,3.74640338723
15066679,Andy Chow,SAS,3.72763731967
15064412,David Then,SOH,2.80591875809
15066922,John Lee,SHL,3.34896130647
15043420,Andy Loo,SEG,3.78297573832
15067611,David Chan,SOH,2.62171478843
15071745,George Quek,SAS,3.95041494415
15067666,Kang Wen Seow,SEG,3.17263856558
15057356,Siew Ling Teo,SOH,2.26057187601
15075765,Peter Ravi,SOI,2.59584463896
15058163,Lee Long Chang,SEG,2.19019115933
15067367,Ah Teck Goh,SOH,2.46412668974
15049250,Sim Sim Chan,SEG,2.11275482664
15055443,Lee Long Yap,SAS,3.28212274995
15052007,Peter Then,SEG,3.98893491476
15047717,Mary David,SOH,3.2554728233
15074635,Eunice Tan,SOH,2.08056791983
15071286,Ai Ling Quek,SHL,2.21518723586
15059725,James Chye,SOH,3.73951295127
15064290,Belinda Jones,SOI,3.21996333925
15077693,Lisa Wong,SOI,3.13471813315
15071055,Mary Loh,SAS,3.70266963649
15071044,Charlene Chye,SHL,2.88935629021
15067927,Luke Lee,SAS,3.31474903151
15063021,Siew Ling Quek,SAS,2.2509702607
15053305,Lisa Smith,SOI,2.40623656386
15051337,Luke Loo,SAS,2.32976807413
15042690,Jeffrey Chan,SOI,2.26674077863
15064230,Wee Teck Loh,SOI,2.17804134862
15078954,George Yong,SOH,2.88572821879
15052974,Lisa Chye,SOI,2.85010822595
15052579,Ai Ling Wong,SHL,3.03959530802
15079997,Belinda Yap,SHL,2.22045138486
15051324,Eunice Quek,SHL,2.69363933195
15077283,John Loo,SOH,2.93166462026
15061812,Lisa Man,SOH,3.74417534831
15074074,Luke Ang,SOH,3.03616196228
15066700,Michelle Wong,SOH,3.95686092982
15075312,Timothy Zhou,SHL,3.07247945916
15056667,Kang Wen Smith,SAS,3.68549071102
15059132,Jeffrey Tan,SOH,3.652354563
15075503,Siew Ling Boo,SHL,2.18693827294
15055275,Daisy Loo,SAS,3.84439833352
